{"cameraMode":{"drawMode":0,"name":"Shaded","section":"Shading Mode"},"sceneLighting":true,"audioPlay":false,"sceneViewState":{"showFog":true,"showMaterialUpdate":false,"showSkybox":true,"showFlares":true,"showImageEffects":true,"showParticleSystems":true},"in2DMode":false,"pivot":{"x":-0.8277668952941895,"y":-11.021669387817383,"z":-0.5608930587768555},"rotation":{"x":-0.6996359825134277,"y":-0.0032152002677321436,"z":0.003148376941680908,"w":-0.7144852876663208},"size":16.511592864990236,"orthographic":true}