{"cameraMode":{"drawMode":0,"name":"Shaded","section":"Shading Mode"},"sceneLighting":false,"audioPlay":false,"sceneViewState":{"showFog":true,"showMaterialUpdate":false,"showSkybox":true,"showFlares":true,"showImageEffects":true,"showParticleSystems":true},"in2DMode":false,"pivot":{"x":0.48832035064697268,"y":0.41359663009643557,"z":1.4644088745117188},"rotation":{"x":-0.3258877992630005,"y":0.5975337028503418,"z":-0.28930383920669558,"w":-0.6730928421020508},"size":4.13577127456665,"orthographic":false}